gene_id	gene_symbol	Normal_1	Normal_2	Normal_3	TNB_1	TNB_2	TNB_3
ENSG00000100292	HMOX1	-1.25	-1.42	-1.18	1.38	1.22	1.25
ENSG00000163636	SLC5A8	-1.35	-1.12	-1.28	1.42	1.18	1.15
ENSG00000115596	KYNU	-1.15	-1.38	-1.22	1.31	1.19	1.25
ENSG00000276168	RN7SL3	-1.40	-1.25	-1.10	1.28	1.35	1.12
ENSG00000170365	CSTA	-1.22	-1.30	-1.15	1.15	1.28	1.24
ENSG00000003402	CFLAR	-1.18	-1.26	-1.32	1.20	1.32	1.24
ENSG00000103811	SLC7A2	-1.28	-1.15	-1.34	1.22	1.30	1.25
ENSG00000270141	RPL13P12	-1.20	-1.35	-1.18	1.18	1.25	1.30
ENSG00000290700	ENSG00000290700	-1.15	-1.22	-1.30	1.12	1.28	1.27
ENSG00000174059	DISP2	-1.25	-1.18	-1.22	1.20	1.22	1.23
ENSG00000259875	ENSG00000259875	-1.30	-1.24	-1.15	1.15	1.24	1.30
ENSG00000154589	LY96	-1.12	-1.32	-1.26	1.25	1.18	1.27
ENSG00000139180	CASD1	-1.24	-1.18	-1.29	1.22	1.26	1.23
ENSG00000160131	GRAMD1C	-1.18	-1.25	-1.28	1.21	1.24	1.26
ENSG00000067955	ZNF711	-1.22	-1.20	-1.27	1.24	1.18	1.27
ENSG00000120659	TNFSF11	-1.30	-1.15	-1.22	1.18	1.22	1.27
ENSG00000164344	CYP39A1	-1.25	-1.28	-1.18	1.20	1.25	1.26
ENSG00000171222	ETNK1	-1.20	-1.22	-1.28	1.25	1.20	1.25
ENSG00000233014	LINC01305	-1.18	-1.25	-1.24	1.22	1.22	1.23
ENSG00000119640	ZWILCH	-1.26	-1.18	-1.24	1.25	1.21	1.22
ENSG00000230758	LINC01876	-1.22	-1.28	-1.19	1.18	1.25	1.26
ENSG00000207399	ENSG00000207399	-1.19	-1.24	-1.25	1.20	1.22	1.26
ENSG00000177174	LPAR6	-1.24	-1.20	-1.22	1.22	1.24	1.20
ENSG00000185122	FAM81B	-1.20	-1.26	-1.21	1.21	1.23	1.23
ENSG00000287514	LOC124902189	-1.18	-1.22	-1.25	1.20	1.22	1.23
ENSG00000175899	ZDHHC23	-1.25	-1.19	-1.22	1.24	1.21	1.21
ENSG00000133493	NDUFA3	-1.21	-1.24	-1.22	1.22	1.22	1.23
ENSG00000140416	WDR72	-1.22	-1.20	-1.24	1.21	1.22	1.23
ENSG00000267258	MIR6718HG	-1.19	-1.25	-1.21	1.20	1.24	1.21
ENSG00000242366	UGT2B11	-1.23	-1.21	-1.22	1.22	1.21	1.23
ENSG00000277258	SCARNA4	-1.20	-1.22	-1.23	1.21	1.22	1.22
ENSG00000186918	SPTSSB	-1.22	-1.20	-1.23	1.22	1.21	1.22
ENSG00000179639	FCER1A	-1.21	-1.23	-1.21	1.21	1.22	1.22
ENSG00000274093	ENSG00000274093	-1.20	-1.22	-1.22	1.21	1.21	1.22
ENSG00000227036	LINC00819	-1.22	-1.21	-1.21	1.22	1.21	1.21
ENSG00000207010	SCARNA1	-1.21	-1.22	-1.21	1.21	1.22	1.21
ENSG00000214273	ENSG00000214273	-1.21	-1.21	-1.22	1.22	1.21	1.21
ENSG00000155097	ALG10	-1.22	-1.21	-1.21	1.21	1.22	1.21
ENSG00000148516	ZEB1	1.21	1.22	1.21	-1.21	-1.22	-1.21
ENSG00000135894	PADI2	1.22	1.21	1.21	-1.22	-1.21	-1.21
ENSG00000110762	ENSG00000110762	1.20	1.22	1.22	-1.21	-1.21	-1.22
ENSG00000201880	SNORA53	1.21	1.23	1.21	-1.21	-1.22	-1.22
ENSG00000202110	SNORA80B	1.22	1.20	1.23	-1.22	-1.21	-1.22
ENSG00000201190	SNORA25	1.20	1.22	1.23	-1.21	-1.22	-1.22
ENSG00000183604	ENSG00000183604	1.23	1.21	1.22	-1.22	-1.21	-1.23
ENSG00000171564	CCDC178	1.19	1.25	1.21	-1.20	-1.24	-1.21
ENSG00000211896	IGHG1	1.22	1.20	1.24	-1.21	-1.22	-1.23
ENSG00000200897	SCARNA6	1.21	1.24	1.22	-1.22	-1.22	-1.23
ENSG00000200234	SNORA65	1.25	1.19	1.22	-1.24	-1.21	-1.21
ENSG00000135069	PSAT1	1.18	1.22	1.25	-1.20	-1.22	-1.23
ENSG00000213741	RPS29	1.20	1.26	1.21	-1.21	-1.23	-1.23
ENSG00000230202	ENSG00000230202	1.24	1.20	1.22	-1.22	-1.24	-1.20
ENSG00000107611	ENSG00000107611	1.19	1.24	1.25	-1.20	-1.22	-1.26
ENSG00000207380	SNORA71B	1.22	1.28	1.19	-1.18	-1.25	-1.26
ENSG00000200795	SNORA73B	1.26	1.18	1.24	-1.25	-1.21	-1.22
ENSG00000164684	SNTN	1.18	1.25	1.24	-1.22	-1.22	-1.23
ENSG00000202417	SNORA12	1.20	1.22	1.28	-1.25	-1.20	-1.25
ENSG00000181847	TIGIT	1.25	1.28	1.18	-1.20	-1.25	-1.26
ENSG00000237731	MTATP6P1	1.30	1.15	1.22	-1.18	-1.22	-1.27
ENSG00000143858	DIRAS3	1.22	1.20	1.27	-1.24	-1.18	-1.27
ENSG00000301569	ENSG00000301569	1.18	1.25	1.28	-1.21	-1.24	-1.26
ENSG00000248449	ENSG00000248449	1.24	1.18	1.29	-1.22	-1.26	-1.23
ENSG00000201710	ENSG00000201710	1.12	1.32	1.26	-1.25	-1.18	-1.27
ENSG00000149401	SERPING1	1.30	1.24	1.15	-1.15	-1.24	-1.30
ENSG00000310784	ENSG00000310784	1.25	1.18	1.22	-1.20	-1.22	-1.23
ENSG00000111676	ATN1	1.15	1.22	1.30	-1.12	-1.28	-1.27
ENSG00000145244	STBD1	1.20	1.35	1.18	-1.18	-1.25	-1.30
ENSG00000167244	IGF2	1.28	1.15	1.34	-1.22	-1.30	-1.25
ENSG00000300001	ENSG00000300001	1.18	1.26	1.32	-1.20	-1.32	-1.24
ENSG00000141668	TNMD	1.22	1.30	1.15	-1.15	-1.28	-1.24
ENSG00000171435	CDKAL2	1.40	1.25	1.10	-1.28	-1.35	-1.12
ENSG00000138778	FGFRL1	1.15	1.38	1.22	-1.31	-1.19	-1.25
ENSG00000108342	TM4SF4	1.35	1.12	1.28	-1.42	-1.18	-1.15
ENSG00000233927	RPL28	1.25	1.42	1.18	-1.38	-1.22	-1.25
ENSG00000142611	PRDM16	1.30	1.38	1.15	-1.25	-1.32	-1.26
ENSG00000141959	NFIC	1.42	1.30	1.22	-1.28	-1.35	-1.31
ENSG00000260417	ENSG00000260417	1.28	1.40	1.18	-1.32	-1.25	-1.29
ENSG00000168056	FAM107A	1.35	1.32	1.25	-1.30	-1.34	-1.28
ENSG00000295404	ENSG00000295404	1.38	1.26	1.30	-1.35	-1.31	-1.28
ENSG00000295262	ENSG00000295262	1.42	1.35	1.24	-1.36	-1.38	-1.27
ENSG00000281769	ENSG00000281769	1.32	1.45	1.28	-1.34	-1.39	-1.32
ENSG00000136286	ATP10B	1.40	1.36	1.30	-1.38	-1.35	-1.33
ENSG00000300339	ENSG00000300339	1.38	1.42	1.25	-1.35	-1.40	-1.30
ENSG00000164292	CLVS2	1.45	1.38	1.32	-1.40	-1.38	-1.37
ENSG00000128342	LIF	1.48	1.42	1.35	-1.42	-1.44	-1.39
ENSG00000009950	MLXIPL	1.50	1.45	1.38	-1.45	-1.44	-1.44
ENSG00000210154	ENSG00000210154	1.42	1.50	1.39	-1.44	-1.46	-1.41
ENSG00000171241	MYADM	1.52	1.48	1.42	-1.48	-1.47	-1.47
ENSG00000197728	RPS26	1.55	1.52	1.46	-1.51	-1.50	-1.52
ENSG00000213058	ENSG00000213058	1.58	1.50	1.49	-1.52	-1.53	-1.52
ENSG00000276839	ENSG00000276839	1.54	1.58	1.51	-1.55	-1.54	-1.54
ENSG00000164107	HAND2	1.60	1.56	1.53	-1.56	-1.57	-1.56
ENSG00000211448	DIO2	1.62	1.60	1.55	-1.58	-1.60	-1.59
ENSG00000210144	ENSG00000210144	1.65	1.62	1.58	-1.62	-1.61	-1.62
ENSG00000233974	ENSG00000233974	1.68	1.65	1.60	-1.64	-1.65	-1.64
